Ticker,Shortname,Sector,Marketcap,Ebitda,Revenuegrowth,City,Weight
MSFT,Microsoft Corporation,Technology,3018393387008,118427000832,0.176,Redmond,0.0637092986577477
AAPL,Apple Inc.,Technology,2636395315200,130108997632,0.021,Cupertino,0.0556464565682269
NVDA,NVIDIA Corporation,Technology,2188200116224,34480001024,2.653,Santa Clara,0.0461863901927054
AMZN,"Amazon.com, Inc.",Consumer Cyclical,1821430644736,85515001856,0.139,Seattle,0.0384449785204728
GOOGL,Alphabet Inc.,Communication Services,1688657592320,100171997184,0.135,Mountain View,0.0356425346486829
GOOG,Alphabet Inc.,Communication Services,1688401346560,100171997184,0.135,Mountain View,0.0356371260635317
META,"Meta Platforms, Inc.",Communication Services,1289874046976,61381001216,0.247,Menlo Park,0.0272254011830877
BRK-B,Berkshire Hathaway Inc. New,Financial Services,873944580096,135681998848,0.196,Omaha,0.01844636835719
LLY,Eli Lilly and Company,Healthcare,724157988864,12314600448,0.281,Indianapolis,0.0152848193302142
AVGO,Broadcom Inc.,Technology,606488297472,20447000576,0.164,Palo Alto,0.0128011624470108
V,Visa Inc.,Financial Services,575221792768,23421999104,0.088,San Francisco,0.0121412196129372
TSLA,"Tesla, Inc.",Consumer Cyclical,558421049344,13557999616,0.035,Austin,0.0117866059349856
JPM,JP Morgan Chase & Co.,Financial Services,542143217664,,0.111,New York,0.0114430293672442
WMT,Walmart Inc.,Consumer Defensive,484133699584,38864998400,0.057,Bentonville,0.0102186211346201
UNH,UnitedHealth Group Incorporated,Healthcare,439366090752,35129999360,0.141,Minnetonka,0.00927371018512375
MA,Mastercard Incorporated,Financial Services,437768912896,15345000448,0.126,Purchase,0.00923999851537407
XOM,Exxon Mobil Corporation,Energy,430034485248,71466999808,-0.122,Spring,0.00907674777307715
JNJ,Johnson & Johnson,Healthcare,384247005184,30766999552,0.073,New Brunswick,0.00811031037802486
PG,Procter & Gamble Company (The),Consumer Defensive,377306742784,23719000064,0.032,Cincinnati,0.00796382209988726
HD,"Home Depot, Inc. (The)",Consumer Cyclical,371581091840,24935999488,-0.029,Atlanta,0.00784297065369359
AMD,"Advanced Micro Devices, Inc.",Technology,335098675200,3854000128,0.102,Santa Clara,0.00707293544639476
COST,Costco Wholesale Corporation,Consumer Defensive,321821409280,11072000000,0.057,Issaquah,0.00679269188917768
ABBV,AbbVie Inc.,Healthcare,315933163520,26357999616,-0.054,North Chicago,0.00666840855046221
MRK,"Merck & Company, Inc.",Healthcare,312781045760,8296999936,0.058,Rahway,0.00660187672838739
ORCL,Oracle Corporation,Technology,309033598976,20305999872,0.054,Austin,0.00652277928290745
CRM,"Salesforce, Inc.",Technology,296121597952,9221000192,0.108,San Francisco,0.00625024538025317
BAC,Bank of America Corporation,Financial Services,280266670080,,-0.11,Charlotte,0.00591559505291609
CVX,Chevron Corporation,Energy,278367633408,42176999424,-0.154,San Ramon,0.00587551204219283
NFLX,"Netflix, Inc.",Communication Services,261741903872,7310949888,0.125,Los Gatos,0.00552459238640141
KO,Coca-Cola Company (The),Consumer Defensive,256677609472,14440999936,0.072,Atlanta,0.00541770020799646
ADBE,Adobe Inc.,Technology,249665093632,7267999744,0.116,San Jose,0.00526968687483859
ACN,Accenture plc,Technology,237109575680,11303738368,0.03,Dublin,0.00500467726858591
TMO,Thermo Fisher Scientific Inc,Healthcare,227875864576,10800000000,-0.049,Waltham,0.00480978111589216
PEP,"Pepsico, Inc.",Consumer Defensive,224100810752,16327999488,-0.005,Purchase,0.00473010096798384
LIN,Linde plc,Basic Materials,222752980992,12094999552,0.051,Woking,0.00470165229423269
MCD,McDonald's Corporation,Consumer Cyclical,211236012032,13683500032,0.081,Chicago,0.00445856336544598
ABT,Abbott Laboratories,Healthcare,209887379456,10462999552,0.015,North Chicago,0.00443009774663904
WFC,Wells Fargo & Company,Financial Services,204164497408,,0.006,San Francisco,0.00430930474359695
DIS,Walt Disney Company (The),Communication Services,202359980032,15594999808,0.002,Burbank,0.00427121675382878
CSCO,"Cisco Systems, Inc.",Technology,200434892800,17671000064,-0.059,San Jose,0.0042305838933363
TMUS,"T-Mobile US, Inc.",Communication Services,194634825728,28625000448,0.01,Bellevue,0.004108161744217
QCOM,QUALCOMM Incorporated,Technology,190356127744,10853000192,0.05,San Diego,0.00401785116743722
DHR,Danaher Corporation,Healthcare,187655012352,7546999808,-0.235,Washington,0.00396083866271909
INTC,Intel Corporation,Technology,186031996928,9633000448,0.097,Santa Clara,0.00392658163882724
GE,General Electric Company,Industrials,182795911168,7877000192,0.154,Boston,0.00385827750224473
INTU,Intuit Inc.,Technology,182470721536,4087000064,0.41,Mountain View,0.00385141371720112
IBM,International Business Machines,Technology,179636191232,14291000320,0.041,Armonk,0.00379158522086619
AMAT,"Applied Materials, Inc.",Technology,170799185920,8136999936,-0.005,Santa Clara,0.00360506234645041
CAT,"Caterpillar, Inc.",Industrials,169383690240,15736000512,0.029,Irving,0.00357518544656916
CMCSA,Comcast Corporation,Communication Services,169121808384,37648998400,0.023,Philadelphia,0.00356965790020997
VZ,Verizon Communications Inc.,Communication Services,166110707712,47870001152,-0.003,New York,0.00350610252905567
UBER,"Uber Technologies, Inc.",Technology,163420536832,1932999936,0.154,San Francisco,0.0034493210304041
AXP,American Express Company,Financial Services,161690845184,,0.092,New York,0.00341281238899819
TXN,Texas Instruments Incorporated,Technology,156670328832,8489999872,-0.127,Dallas,0.0033068442348595
NOW,"ServiceNow, Inc.",Technology,155324399616,1324000000,0.256,Santa Clara,0.00327843567593427
PFE,"Pfizer, Inc.",Healthcare,153705349120,11516999680,-0.413,New York,0.00324426233986893
UNP,Union Pacific Corporation,Industrials,153029885952,11452000256,-0.003,Omaha,0.00323000532324291
BX,Blackstone Inc.,Financial Services,152683495424,,-0.303,New York,0.0032226940503997
NKE,"Nike, Inc.",Consumer Cyclical,150239297536,6812000256,0.005,Beaverton,0.00317110430934889
AMGN,Amgen Inc.,Healthcare,146707824640,12234999808,0.198,Thousand Oaks,0.00309656542969144
PM,Philip Morris International Inc,Consumer Defensive,143881994240,14094999552,0.11,Stamford,0.00303692056243039
MS,Morgan Stanley,Financial Services,142333902848,,0.018,New York,0.00300424496180559
LOW,"Lowe's Companies, Inc.",Consumer Cyclical,138879303680,13479999488,-0.171,Mooresville,0.00293132865769352
ISRG,"Intuitive Surgical, Inc.",Healthcare,138058956800,2168999936,0.165,Sunnyvale,0.00291401357722527
SYK,Stryker Corporation,Healthcare,136085078016,5246000128,0.118,Portage,0.00287235087232228
SPGI,S&P Global Inc.,Financial Services,134507044864,5715999744,0.073,New York,0.00283904329028035
COP,ConocoPhillips,Energy,132934328320,24753000448,-0.208,Houston,0.00280584792600579
UPS,"United Parcel Service, Inc.",Industrials,131274457088,13150000128,-0.078,Atlanta,0.00277081298572661
HON,Honeywell International Inc.,Industrials,130925543424,8730000384,0.028,Charlotte,0.0027634484569938
GS,"Goldman Sachs Group, Inc. (The)",Financial Services,125989625856,,0.116,New York,0.00265926593133519
PLD,"Prologis, Inc.",Real Estate,125849321472,5876600832,0.087,San Francisco,0.0026563045234744
LRCX,Lam Research Corporation,Technology,125419692032,4386707968,-0.288,Fremont,0.00264723632500069
BLK,"BlackRock, Inc.",Financial Services,124533383168,6766000128,0.068,New York,0.00262852898341869
T,AT&T Inc.,Communication Services,123027996672,41925001216,0.022,Dallas,0.00259675475601619
SCHW,Charles Schwab Corporation (The,Financial Services,122542931968,,-0.196,Westlake,0.00258651648414994
BA,Boeing Company (The),Industrials,121105694720,3153999872,0.102,Arlington,0.00255618068449275
RTX,RTX Corporation,Industrials,120582299648,9610999808,0.101,Arlington,0.00254513337266734
BKNG,Booking Holdings Inc. Common St,Consumer Cyclical,119109853184,6429000192,0.182,Norwalk,0.00251405441127804
ETN,"Eaton Corporation, PLC",Industrials,118847250432,4858999808,0.108,Dublin,0.0025085116489504
NEE,"NextEra Energy, Inc.",Utilities,118650978304,16227999744,0.116,Juno Beach,0.00250436892862946
ELV,"Elevance Health, Inc.",Healthcare,117025521664,10949000192,0.068,Indianapolis,0.00247006037793534
PGR,Progressive Corporation (The),Financial Services,116204175360,5471799808,0.254,Mayfield,0.00245272420260173
MDT,Medtronic plc.,Healthcare,113037312000,8677000192,0.047,Dublin,0.00238588114480849
C,"Citigroup, Inc.",Financial Services,109922885632,,-0.091,New York,0.0023201448758117
TJX,"TJX Companies, Inc. (The)",Consumer Cyclical,109306716160,6760999936,0.13,Framingham,0.00230713937259121
BMY,Bristol-Myers Squibb Company,Healthcare,108773597184,18420000768,0.006,Princeton,0.00229588681810037
MU,"Micron Technology, Inc.",Technology,107763695616,1272999936,0.157,Boise,0.0022745708024718
VRTX,Vertex Pharmaceuticals Incorpor,Healthcare,106833608704,4477000192,0.093,Boston,0.00225493943662356
REGN,"Regeneron Pharmaceuticals, Inc.",Healthcare,106340720640,4654199808,0.006,Tarrytown,0.00224453603691782
ABNB,"Airbnb, Inc.",Consumer Cyclical,105190326272,1548999936,0.166,San Francisco,0.00222025463652761
LMT,Lockheed Martin Corporation,Industrials,104607260672,10225000448,-0.006,Bethesda,0.00220794785749498
DE,Deere & Company,Industrials,104133738496,16323000320,-0.037,Moline,0.00219795321403276
SBUX,Starbucks Corporation,Consumer Cyclical,103099957248,7246700032,0.082,Seattle,0.00217613316944908
CB,Chubb Limited,Financial Services,100956897280,9758000128,0.116,Zurich,0.00213089955340339
MMC,"Marsh & McLennan Companies, Inc",Financial Services,100863221760,6279000064,0.106,New York,0.00212892234204774
CI,The Cigna Group,Healthcare,99924017152,10721999872,0.116,Bloomfield,0.00210909852878027
ADP,"Automatic Data Processing, Inc.",Industrials,99575734272,5305200128,0.063,Roseland,0.00210174731401986
BSX,Boston Scientific Corporation,Healthcare,99263995904,3612999936,0.149,Marlborough,0.00209516744511494
ADI,"Analog Devices, Inc.",Technology,97168211968,5681083904,-0.227,Wilmington,0.00205093168536426
MDLZ,"Mondelez International, Inc.",Consumer Defensive,96744587264,7185999872,0.071,Chicago,0.00204199022899144
AMT,American Tower Corporation (REI,Real Estate,96679428096,6908700160,0.03,Boston,0.00204061491293348
KLAC,KLA Corporation,Technology,94556971008,3944562944,-0.167,Milpitas,0.00199581616234991
CVS,CVS Health Corporation,Healthcare,94471847936,18439000064,0.12,Woonsocket,0.00199401946771095
GILD,"Gilead Sciences, Inc.",Healthcare,93582245888,12028000256,-0.037,Foster City,0.00197524261681851
PANW,"Palo Alto Networks, Inc.",Technology,90532626432,972800000,0.193,Santa Clara,0.0019108742288042
FI,"Fiserv, Inc.",Technology,89292554240,7968000000,0.062,Milwaukee,0.00188469999651978
SNPS,"Synopsys, Inc.",Technology,87146856448,1584184064,0.211,Sunnyvale,0.00183941070386224
SHW,Sherwin-Williams Company (The),Basic Materials,86568304640,4249999872,0.004,Cleveland,0.00182719919754119
EQIX,"Equinix, Inc.",Real Estate,86114934784,2865906944,0.154,Redwood City,0.00181762990956082
HCA,"HCA Healthcare, Inc.",Healthcare,86060040192,12704000000,0.117,Nashville,0.00181647124814462
ANET,"Arista Networks, Inc.",Technology,85383462912,2332579072,0.208,Santa Clara,0.001802190715931
CDNS,"Cadence Design Systems, Inc.",Technology,84012957696,1419629952,0.188,San Jose,0.0017732634308084
WM,"Waste Management, Inc.",Industrials,83431989248,5894000128,0.057,Houston,0.00176100091641128
ZTS,Zoetis Inc.,Healthcare,83405053952,3488000000,0.085,Parsippany,0.00176043239249896
ICE,Intercontinental Exchange Inc.,Financial Services,79398936576,4896000000,0.245,Atlanta,0.00167587518088296
TGT,Target Corporation,Consumer Defensive,78355480576,8508000256,0.017,Minneapolis,0.00165385093108624
ITW,Illinois Tool Works Inc.,Industrials,78040580096,4467999744,0.003,Glenview,0.00164720431941059
CME,CME Group Inc.,Financial Services,76671737856,3810899968,0.192,Chicago,0.00161831213476068
SO,Southern Company (The),Utilities,75291295744,11406999552,-0.142,Atlanta,0.00158917511134562
CSX,CSX Corporation,Industrials,74819174400,7168999936,-0.013,Jacksonville,0.00157921003527665
GD,General Dynamics Corporation,Industrials,74607493120,4569999872,0.075,Reston,0.00157474207362996
MO,"Altria Group, Inc.",Consumer Defensive,73836068864,12469000192,-0.012,Richmond,0.00155845960411195
CMG,"Chipotle Mexican Grill, Inc.",Consumer Cyclical,73656639488,1915576960,0.154,Newport Beach,0.00155467238414494
DUK,Duke Energy Corporation (Holdin,Utilities,73180798976,13288999936,-0.021,Charlotte,0.00154462880751144
CL,Colgate-Palmolive Company,Consumer Defensive,72494907392,4509000192,0.069,New York,0.00153015167806901
MAR,Marriott International,Consumer Cyclical,72452300800,4272000000,0.116,Bethesda,0.0015292523797515
SLB,Schlumberger N.V.,Energy,72191451136,7247000064,0.141,Houston,0.0015237466198926
MCO,Moody's Corporation,Financial Services,70653321216,2606000128,0.147,New York,0.00149128127628647
BDX,"Becton, Dickinson and Company",Healthcare,69307588608,4912000000,0.026,Franklin Lakes,0.00146287686717082
MCK,McKesson Corporation,Healthcare,69305892864,4283000064,0.148,Irving,0.0014628410750632
PH,Parker-Hannifin Corporation,Industrials,69001650176,4955898880,0.031,Cleveland,0.00145641941764848
NOC,Northrop Grumman Corporation,Industrials,68941545472,3983000064,0.06,Falls Church,0.00145515078627844
EOG,"EOG Resources, Inc.",Energy,68857839616,13201999872,-0.07,Houston,0.0014533840048502
USB,U.S. Bancorp,Financial Services,67412488192,,0.209,Minneapolis,0.00142287693909351
APH,Amphenol Corporation,Technology,66229989376,3000199936,0.027,Wallingford,0.0013979179093808
MPC,Marathon Petroleum Corporation,Energy,64882012160,16951000064,-0.085,Findlay,0.00136946612327246
TDG,Transdigm Group Incorporated,Industrials,64780783616,3416000000,0.281,Cleveland,0.00136732949006548
TT,Trane Technologies plc,Industrials,64681459712,3136300032,0.086,Swords,0.00136523305813881
NXPI,NXP Semiconductors N.V.,Technology,64635363328,4832000000,0.033,Eindhoven,0.00136426010070127
ORLY,"O'Reilly Automotive, Inc.",Consumer Cyclical,64007479296,3597637120,0.051,Springfield,0.00135100733799337
PSX,Phillips 66,Energy,63891234816,9996999680,-0.05,Houston,0.0013485537630798
ECL,Ecolab Inc.,Basic Materials,63800733696,3107000064,0.178,Saint Paul,0.00134664355385799
CTAS,Cintas Corporation,Industrials,63394381824,2218694912,0.093,Cincinnati,0.00133806667554755
PYPL,"PayPal Holdings, Inc.",Financial Services,63243378688,5445000192,0.087,San Jose,0.00133487944888217
EMR,Emerson Electric Company,Industrials,62972751872,4309000192,0.221,Saint Louis,0.00132916732245109
AON,Aon plc,Financial Services,62810890240,4292000000,0.078,Dublin,0.00132575090526083
MNST,Monster Beverage Corporation,Consumer Defensive,61979213824,2081252992,0.144,Corona,0.0013081966920156
FDX,FedEx Corporation,Industrials,61893492736,11091999744,0.139,Memphis,0.00130638737503917
PCAR,PACCAR Inc.,Industrials,60063301632,6478400000,0.117,Bellevue,0.00126775748930348
PNC,"PNC Financial Services Group, I",Financial Services,59802476544,,-0.042,Pittsburgh,0.00126225224817078
NSC,Norfolk Southern Corporation,Industrials,58625417216,5382000128,-0.051,Atlanta,0.00123740802985642
ROP,"Roper Technologies, Inc.",Technology,58428661760,2500400128,0.128,Sarasota,0.00123325510792027
LULU,lululemon athletica inc.,Consumer Cyclical,58097078272,2395590912,0.187,Vancouver,0.00122625636761097
RSG,"Republic Services, Inc.",Industrials,57948200960,4381000192,0.086,Phoenix,0.00122311401076166
FCX,"Freeport-McMoRan, Inc.",Basic Materials,57161236480,8457999872,0.026,Phoenix,0.00120650353337817
PXD,Pioneer Natural Resources Compa,Energy,56891875328,9297999872,-0.019,Irving,0.00120081812134625
SPG,"Simon Property Group, Inc.",Real Estate,56581771264,4106487040,0.091,Indianapolis,0.00119427274773346
MSI,"Motorola Solutions, Inc.",Technology,55722668032,2822000128,0.052,Chicago,0.00117613963605196
EW,Edwards Lifesciences Corporatio,Healthcare,55403778048,1874700032,0.138,Irvine,0.0011694088178236
AJG,Arthur J. Gallagher & Co.,Financial Services,54566391808,2970700032,0.18,Rolling Meadows,0.00115173408719184
FTNT,"Fortinet, Inc.",Technology,54442258432,1349900032,0.103,Sunnyvale,0.00114911400116892
CEG,Constellation Energy Corporatio,Utilities,54013894656,4144000000,-0.21,Baltimore,0.00114007251709438
ADSK,"Autodesk, Inc.",Technology,53876633600,1219000064,0.115,San Francisco,0.00113717534482769
APD,"Air Products and Chemicals, Inc",Basic Materials,53710143488,4050800128,-0.056,Allentown,0.0011336612342036
EL,"Estee Lauder Companies, Inc. (T",Consumer Defensive,53591711744,1818000000,-0.074,New York,0.00113116149265847
OXY,Occidental Petroleum Corporatio,Energy,53473538048,13018999808,-0.127,Houston,0.00112866719773841
AZO,"AutoZone, Inc.",Consumer Cyclical,53312131072,4187883008,0.046,Memphis,0.00112526037698281
CPRT,"Copart, Inc.",Industrials,52841951232,1749217024,0.066,Dallas,0.00111533628028344
WELL,Welltower Inc.,Real Estate,52336779264,2564655104,0.199,Toledo,0.00110467360393338
CARR,Carrier Global Corporation,Industrials,52250976256,2811000064,-0.001,Palm Beach Gardens,0.00110286255786962
COF,Capital One Financial Corporati,Financial Services,52198584320,,0.004,McLean,0.00110175672007119
DXCM,"DexCom, Inc.",Healthcare,52140904448,783699968,0.269,San Diego,0.00110053926968596
MMM,3M Company,Industrials,51898531840,7871000064,-0.008,Saint Paul,0.00109542350547312
HLT,Hilton Worldwide Holdings Inc.,Consumer Cyclical,51872038912,2412999936,0.071,McLean,0.00109486431863236
PSA,Public Storage,Real Estate,51643056128,3302257920,0.064,Glendale,0.00109003117374272
MET,"MetLife, Inc.",Financial Services,51276578816,3919000064,0.219,New York,0.00108229592868752
DHI,"D.R. Horton, Inc.",Consumer Cyclical,50960453632,6285100032,0.065,Arlington,0.00107562346715637
AIG,"American International Group, I",Financial Services,50669789184,8961999872,-0.131,New York,0.00106948840596569
TRV,"The Travelers Companies, Inc.",Financial Services,50052575232,4469000192,0.134,New York,0.00105646085688182
TFC,Truist Financial Corporation,Financial Services,49964802048,,-0.107,Charlotte,0.0010546082262679
VLO,Valero Energy Corporation,Energy,49716031488,14661000192,-0.16,San Antonio,0.00104935742033501
ROST,"Ross Stores, Inc.",Consumer Cyclical,49065701376,2727095040,0.155,Dublin,0.00103563088770018
CCI,Crown Castle Inc.,Real Estate,49031557120,4196999936,-0.051,Houston,0.0010349102041033
F,Ford Motor Company,Consumer Cyclical,48398815232,11816999936,0.045,Dearborn,0.00102155490651705
MCHP,Microchip Technology Incorporat,Technology,48008065024,4076699904,-0.186,Chandler,0.00101330733288758
GWW,"W.W. Grainger, Inc.",Industrials,47713935360,2823000064,0.051,Lake Forest,0.00100709913130308
COR,"Cencora, Inc.",Healthcare,47696797696,3742921984,0.15,Conshohocken,0.00100673740623478
DLR,"Digital Realty Trust, Inc.",Real Estate,47645704192,2386114048,0.112,Austin,0.00100565897447044
AFL,AFLAC Incorporated,Financial Services,47378128896,5496000000,-0.043,Columbus,0.0010000112565422
STZ,"Constellation Brands, Inc.",Consumer Defensive,47110885376,3547099904,0.014,Victor,0.000994370541417619
IQV,"IQVIA Holdings, Inc.",Healthcare,46810357760,2720999936,0.035,Durham,0.000988027298113066
IDXX,"IDEXX Laboratories, Inc.",Healthcare,46647218176,1212035968,0.088,Westbrook,0.00098458390716055
ODFL,"Old Dominion Freight Line, Inc.",Industrials,46613798912,1965122048,0.003,Thomasville,0.000983878525986492
GM,General Motors Company,Consumer Cyclical,45599981568,15783999488,-0.003,Detroit,0.000962479859983806
O,Realty Income Corporation,Real Estate,45562068992,3620038912,0.214,San Diego,0.000961679638369994
URI,"United Rentals, Inc.",Industrials,45430931456,4393999872,0.131,Stamford,0.000958911715380822
LEN,Lennar Corporation,Consumer Cyclical,45316440064,5595761152,0.078,Miami,0.000956495142936002
OKE,"ONEOK, Inc.",Energy,44996550656,4220000000,0.04,Tulsa,0.000949743229842287
SRE,DBA Sempra,Utilities,44926902272,5836000256,0.01,San Diego,0.000948273159798938
NUE,Nucor Corporation,Basic Materials,44735238144,7398657024,-0.117,Charlotte,0.000944227700640006
HES,Hess Corporation,Energy,44500185088,5072000000,0.025,New York,0.000939266430379617
AEP,American Electric Power Company,Utilities,44115349504,6979700224,-0.062,Columbus,0.000931143696854982
WMB,"Williams Companies, Inc. (The)",Energy,43863834624,6288000000,-0.125,Tulsa,0.00092583496649672
MSCI,MSCI Inc.,Financial Services,43618795520,1479709056,0.198,New York,0.000920662920491465
PAYX,"Paychex, Inc.",Industrials,43473694720,2282099968,0.057,Rochester,0.000917600274567819
TEL,TE Connectivity Ltd. New Switze,Technology,43395522560,3564000000,-0.003,Schaffhausen,0.000915950292988348
A,"Agilent Technologies, Inc.",Healthcare,43334041600,1640000000,-0.056,Santa Clara,0.000914652612951258
FAST,Fastenal Company,Industrials,43292651520,1706000000,0.037,Winona,0.000913778991580519
PCG,Pacific Gas & Electric Co.,Utilities,43244285952,7185999872,0.311,Oakland,0.000912758138424092
GEHC,GE HealthCare Technologies Inc.,Healthcare,42744360960,3560000000,0.054,Chicago,0.000902206210117169
KMB,Kimberly-Clark Corporation,Consumer Defensive,42329350144,3619000064,0.001,Dallas,0.000893446567276529
KHC,The Kraft Heinz Company,Consumer Defensive,42264403968,6366000128,-0.071,Pittsburgh,0.00089207574684561
JCI,Johnson Controls International ,Industrials,42068811776,3664999936,0.004,Cork,0.000887947377949465
AME,"AMETEK, Inc.",Industrials,41914998784,2045095040,0.065,Berwyn,0.000884700843588852
CNC,Centene Corporation,Healthcare,41794195456,6079000064,0.056,Saint Louis,0.000882151044965674
BK,The Bank of New York Mellon Cor,Financial Services,41761755136,,0.084,New York,0.000881466326385144
AMP,"Ameriprise Financial, Inc.",Financial Services,41320894464,,0.121,Minneapolis,0.000872161070039236
ALL,Allstate Corporation (The),Financial Services,41280475136,904000000,0.087,Northbrook,0.000871307938353293
CHTR,"Charter Communications, Inc.",Communication Services,41211949056,20985999360,0.003,Stamford,0.00086986155680629
HUM,Humana Inc.,Healthcare,40943595520,4902000128,0.179,Louisville,0.000864197412548462
LHX,"L3Harris Technologies, Inc.",Industrials,40797179904,3478000128,0.166,Melbourne,0.000861107014773257
KDP,Keurig Dr Pepper Inc.,Consumer Defensive,40434372608,3940999936,0.017,Burlington,0.0008534492328302
KR,Kroger Company (The),Consumer Defensive,40298401792,6250999808,-0.006,Cincinnati,0.000850579293688878
D,"Dominion Energy, Inc.",Utilities,40197263360,7222000128,-0.071,Richmond,0.000848444562477963
FIS,Fidelity National Information S,Technology,40150855680,3356999936,-0.006,Jacksonville,0.000847465034508594
SYY,Sysco Corporation,Consumer Defensive,40105185280,3622123008,0.037,Houston,0.000846501068325146
DOW,Dow Inc.,Basic Materials,40079257600,5176000000,-0.104,Midland,0.00084595381218692
PRU,"Prudential Financial, Inc.",Financial Services,39908896768,3280333312,0.561,Newark,0.000842358002186743
HSY,The Hershey Company,Consumer Defensive,39680512000,2952032000,0.002,Hershey,0.000837537479634573
OTIS,Otis Worldwide Corporation,Industrials,39584571392,2436999936,0.053,Farmington,0.000835512459014403
KMI,"Kinder Morgan, Inc.",Energy,39571365888,6440000000,-0.118,Houston,0.000835233730137682
MRNA,"Moderna, Inc.",Healthcare,39364980736,-3617999872,-0.447,Cambridge,0.000830877553986525
YUM,"Yum! Brands, Inc.",Consumer Cyclical,39263252480,2542000128,0.008,Louisville,0.000828730373346874
NEM,Newmont Corporation,Basic Materials,39082971136,3060999936,0.237,Denver,0.000824925170871692
LVS,Las Vegas Sands Corp.,Consumer Cyclical,38819016704,3550000128,1.61,Las Vegas,0.000819353878603193
CTVA,"Corteva, Inc.",Basic Materials,38373494784,3216999936,-0.031,Indianapolis,0.000809950237188517
KVUE,Kenvue Inc.,Consumer Defensive,38329892864,3569999872,-0.027,Skillman,0.000809029930460015
CTSH,Cognizant Technology Solutions ,Technology,38219325440,3416999936,-0.017,Teaneck,0.000806696181298042
CMI,Cummins Inc.,Industrials,38102790144,4464000000,0.099,Columbus,0.000804236468124474
GIS,"General Mills, Inc.",Consumer Defensive,37060501504,4090500096,-0.016,Minneapolis,0.000782236857822134
EXC,Exelon Corporation,Utilities,36942962688,6809999872,0.15,Chicago,0.00077975596332884
MLM,"Martin Marietta Materials, Inc.",Basic Materials,36898758656,2115500032,0.089,Raleigh,0.000778822947808502
IR,Ingersoll Rand Inc.,Industrials,36458512384,1700600064,0.122,Davidson,0.000769530659617528
IT,"Gartner, Inc.",Technology,36142800896,1274168064,0.054,Stamford,0.000762866929977366
EA,Electronic Arts Inc.,Communication Services,36132352000,1932999936,0.034,Redwood City,0.000762646384889117
MPWR,"Monolithic Power Systems, Inc.",Technology,35630071808,521904000,-0.013,Kirkland,0.000752044745321612
PWR,"Quanta Services, Inc.",Industrials,35279998976,1706734976,0.31,Houston,0.000744655750003159
VMC,Vulcan Materials Company (Holdi,Basic Materials,35264942080,1998899968,0.059,Birmingham,0.000744337943752903
CSGP,"CoStar Group, Inc.",Real Estate,35168100352,389800000,0.116,Washington,0.000742293903172162
DG,Dollar General Corporation,Consumer Defensive,34529071104,3620100096,0.024,Goodlettsville,0.000728805898133752
NDAQ,"Nasdaq, Inc.",Financial Services,34518171648,2163000064,0.041,New York,0.000728575843065218
VRSK,"Verisk Analytics, Inc.",Industrials,33916037120,1250099968,0.074,Jersey City,0.000715866575730611
ROK,"Rockwell Automation, Inc.",Industrials,33757657088,1797799936,0.036,Milwaukee,0.000712523644751653
ON,ON Semiconductor Corporation,Technology,33737623552,3217499904,-0.041,Scottsdale,0.000712100796446429
EFX,"Equifax, Inc.",Industrials,33468119040,1586300032,0.107,Atlanta,0.000706412358511691
GPN,Global Payments Inc.,Industrials,33442594816,3989722112,0.08,Atlanta,0.000705873618128538
CDW,CDW Corporation,Technology,33278609408,1981600000,-0.077,Vernon Hills,0.000702412374349396
PPG,"PPG Industries, Inc.",Basic Materials,33122351104,2807000064,0.039,Pittsburgh,0.000699114226732145
EXR,Extra Space Storage Inc,Real Estate,32949622784,1792384000,0.572,Salt Lake City,0.000695468446108288
ACGL,Arch Capital Group Ltd.,Financial Services,32779370496,3679000064,0.294,Pembroke,0.000691874927148816
RCL,Royal Caribbean Cruises Ltd.,Consumer Cyclical,32715175936,4337999872,0.28,Miami,0.0006905199710941
FANG,"Diamondback Energy, Inc.",Energy,32707551232,6088000000,0.113,Midland,0.000690359036291365
BIIB,Biogen Inc.,Healthcare,32450387968,2376999936,-0.062,Cambridge,0.000684931085362074
FICO,Fair Isaac Corproation,Technology,32318912512,666531968,0.108,Bozeman,0.000682156029887688
HAL,Halliburton Company,Energy,32230592512,5080999936,0.028,Houston,0.000680291857615885
DLTR,"Dollar Tree, Inc.",Consumer Defensive,32225447936,2508499968,0.054,Chesapeake,0.000680183270931902
LYB,LyondellBasell Industries NV,Basic Materials,32108306432,4909000192,-0.027,Houston,0.000677710762512133
PEG,Public Service Enterprise Group,Utilities,32039202816,4798000128,-0.17,Newark,0.000676252190899491
ED,"Consolidated Edison, Inc.",Utilities,31137363968,5106999808,-0.146,New York,0.000657217057587944
BKR,Baker Hughes Company,Energy,30841128960,3732999936,0.157,Houston,0.000650964418459198
XYL,Xylem Inc.,Industrials,30724132864,1288000000,0.406,Washington,0.00064849497916943
DFS,Discover Financial Services,Financial Services,30382301184,,-0.194,Riverwoods,0.000641279930035829
VICI,VICI Properties Inc.,Real Estate,30362843136,3342408960,0.177,New York,0.00064086922856906
HPQ,HP Inc.,Technology,30078507008,5200999936,-0.044,Palo Alto,0.000634867739374209
FTV,Fortive Corporation,Technology,29884870656,1587600000,0.035,Everett,0.000630780652437939
DD,"DuPont de Nemours, Inc.",Basic Materials,29815427072,2855000064,-0.066,Wilmington,0.0006293149051129
DVN,Devon Energy Corporation,Energy,29311600640,7484000256,-0.121,Oklahoma City,0.000618680629022144
ADM,Archer-Daniels-Midland Company,Consumer Defensive,29234612224,5088000000,-0.121,Chicago,0.000617055632754513
ANSS,"ANSYS, Inc.",Technology,29160534016,758638976,0.16,Canonsburg,0.000615492062314087
CBRE,CBRE Group Inc,Real Estate,28848531456,1887600000,0.092,Dallas,0.000608906617102545
HIG,Hartford Financial Services Gro,Financial Services,28801323008,3732000000,0.064,Hartford,0.000607910187304578
XEL,Xcel Energy Inc.,Utilities,28324057088,5180000256,-0.151,Minneapolis,0.000597836524551631
MTD,"Mettler-Toledo International, I",Healthcare,28219789312,1164046976,-0.116,Columbus,0.000595635742204918
WTW,Willis Towers Watson Public Lim,Financial Services,28050073600,2423000064,0.071,London,0.000592053548767422
CAH,"Cardinal Health, Inc.",Healthcare,28013144064,2728000000,0.116,Dublin,0.000591274076201506
GLW,Corning Incorporated,Technology,27917133824,2692999936,-0.121,Corning,0.000589247585857109
HWM,Howmet Aerospace Inc.,Industrials,27793991680,1456999936,0.144,Pittsburgh,0.000586648421790815
RMD,ResMed Inc.,Healthcare,27717449728,1368189056,0.125,San Diego,0.000585032849049103
GRMN,Garmin Ltd.,Technology,27220826112,1269731968,0.135,Schaffhausen,0.000574550602961359
DAL,"Delta Air Lines, Inc.",Industrials,27174008832,8089999872,0.059,Atlanta,0.000573562429555367
TSCO,Tractor Supply Company,Consumer Cyclical,27032129536,1871960960,-0.087,Brentwood,0.000570567779990761
KEYS,Keysight Technologies Inc.,Technology,26939228160,1503000064,-0.088,Santa Rosa,0.000568606908510332
EIX,Edison International,Utilities,26635976704,5968000000,-0.077,Rosemead,0.000562206173052237
AVB,"AvalonBay Communities, Inc.",Real Estate,26551572480,1716696960,0.107,Arlington,0.000560424651154549
TROW,"T. Rowe Price Group, Inc.",Financial Services,26380341248,2519600128,0.077,Baltimore,0.000556810469601549
WST,"West Pharmaceutical Services, I",Healthcare,26310782976,847800000,0.033,Exton,0.000555342301554256
ULTA,"Ulta Beauty, Inc.",Consumer Cyclical,26233892864,1848006016,0.064,Bolingbrook,0.000553719380191414
EBAY,eBay Inc.,Consumer Cyclical,26091659264,2484999936,0.021,San Jose,0.000550717252324129
ZBH,"Zimmer Biomet Holdings, Inc.",Healthcare,25992345600,2448900096,0.063,Warsaw,0.000548621036533369
BF-B,Brown Forman Inc,Consumer Defensive,25914314752,1290000000,-0.011,Louisville,0.000546974037629533
WEC,"WEC Energy Group, Inc.",Utilities,25775101952,3448800000,-0.133,Milwaukee,0.000544035669857341
WY,Weyerhaeuser Company,Real Estate,25416513536,1564999936,-0.027,Seattle,0.000536466935911499
CHD,"Church & Dwight Company, Inc.",Consumer Defensive,25382062080,1258300032,0.064,Ewing,0.000535739768237151
WAB,Westinghouse Air Brake Technolo,Industrials,25230172160,1806000000,0.095,Pittsburgh,0.000532533824201481
RJF,"Raymond James Financial, Inc.",Financial Services,25125165056,,0.083,Saint Petersburg,0.000530317436841664
FITB,Fifth Third Bancorp,Financial Services,24860712960,,-0.017,Cincinnati,0.000524735640367669
TTWO,"Take-Two Interactive Software, ",Communication Services,24518324224,1415900032,-0.029,New York,0.000517508833440261
NVR,"NVR, Inc.",Consumer Cyclical,24456775680,1972163968,-0.095,Reston,0.000516209726906128
BLDR,"Builders FirstSource, Inc.",Industrials,24368488448,2734594048,-0.047,Irving,0.000514346246269255
BRO,"Brown & Brown, Inc.",Financial Services,24347471872,1381299968,0.124,Daytona Beach,0.000513902648916137
SBAC,SBA Communications Corporation,Real Estate,24183982080,1791448960,-0.016,Boca Raton,0.000510451866115308
EQR,Equity Residential,Real Estate,24067518464,1766754944,0.04,Chicago,0.00050799366589315
BR,"Broadridge Financial Solutions,",Technology,23972491264,1460099968,0.087,Lake Success,0.000505987924596648
DOV,Dover Corporation,Industrials,23926583296,1736110976,-0.016,Downers Grove,0.000505018944059959
PHM,"PulteGroup, Inc.",Consumer Cyclical,23900780544,3506917888,-0.155,Atlanta,0.000504474324779902
MTB,M&T Bank Corporation,Financial Services,23783481344,,-0.142,Buffalo,0.000501998487867033
IRM,Iron Mountain Incorporated (Del,Real Estate,23782498304,1830920960,0.11,Portsmouth,0.000501977738819138
AXON,"Axon Enterprise, Inc.",Industrials,23553964032,189727008,0.286,Scottsdale,0.000497154060682601
ALGN,"Align Technology, Inc.",Healthcare,23469279232,799038976,0.061,Tempe,0.000495366616660826
HPE,Hewlett Packard Enterprise Comp,Technology,23383941120,4998000128,-0.135,Spring,0.000493565383167638
DTE,DTE Energy Company,Utilities,23345276928,3382000128,-0.242,Detroit,0.000492749297177624
TRGP,"Targa Resources, Inc.",Energy,23170185216,3961700096,-0.069,Houston,0.000489053632384453
STE,STERIS plc (Ireland),Healthcare,23092832256,1422059008,0.148,Dublin,0.000487420941678228
AWK,"American Water Works Company, I",Utilities,23066783744,2240000000,0.108,Camden,0.000486871135136197
LYV,"Live Nation Entertainment, Inc.",Communication Services,23019792384,1609523968,0.361,Beverly Hills,0.000485879287419641
MOH,Molina Healthcare Inc,Healthcare,22929592320,1731000064,0.063,Long Beach,0.000483975432593739
ARE,Alexandria Real Estate Equities,Real Estate,22247628800,1734813952,0.13,Pasadena,0.000469581212888522
BAX,Baxter International Inc.,Healthcare,22227589120,2776000000,0.037,Deerfield,0.000469158234901749
PTC,PTC Inc.,Technology,22168526848,562902976,0.181,Boston,0.000467911606167917
VLTO,Veralto Corp,Industrials,22006339584,1240000000,0.032,Waltham,0.000464488315855549
ETR,Entergy Corporation,Utilities,21997942784,4698459136,-0.167,New Orleans,0.000464311084404781
ROL,"Rollins, Inc.",Consumer Cyclical,21992572928,691273984,0.14,Atlanta,0.000464197742730655
FE,FirstEnergy Corp.,Utilities,21880459264,3639000064,-0.008,Akron,0.000461831357045431
STT,State Street Corporation,Financial Services,21869803520,,-0.039,Boston,0.000461606446011687
APTV,Aptiv PLC,Consumer Cyclical,21817825280,2744000000,0.06,Dublin,0.000460509340104248
WRB,W.R. Berkley Corporation,Financial Services,21652736000,1918052992,0.069,Greenwich,0.000457024796873407
ILMN,"Illumina, Inc.",Healthcare,21519824896,338000000,0.036,San Diego,0.000454219439143658
INVH,Invitation Homes Inc.,Real Estate,21491963904,1356889984,0.072,Dallas,0.000453631376544571
CCL,Carnival Corporation,Consumer Cyclical,21383802880,4313999872,0.406,Miami,0.000451348419322758
NTAP,"NetApp, Inc.",Technology,21310488576,1444000000,0.052,San Jose,0.000449800972621634
WBD,"Warner Bros. Discovery, Inc. - ",Communication Services,21298493440,7408999936,-0.066,New York,0.000449547791010133
FLT,"FleetCor Technologies, Inc.",Technology,21127114752,1993476992,0.061,Atlanta,0.000445930497099949
HUBB,Hubbell Inc,Industrials,21082918912,1189299968,0.103,Shelton,0.000444997654488343
WAT,Waters Corporation,Healthcare,21072574464,1022251008,-0.045,Milford,0.000444779313986433
GPC,Genuine Parts Company,Consumer Cyclical,21047298048,2148023040,0.011,Atlanta,0.000444245804092437
ES,Eversource Energy (D/B/A),Utilities,21009197056,3838074880,-0.111,Springfield,0.000443441605577779
STLD,"Steel Dynamics, Inc.",Basic Materials,20794220544,3588985088,-0.123,Fort Wayne,0.000438904091393458
JBHT,"J.B. Hunt Transport Services, I",Industrials,20721580032,1731149952,-0.095,Lowell,0.000437370866435579
BALL,Ball Corporation,Consumer Cyclical,20601952256,2112000000,-0.041,Westminster,0.000434845880215509
WDC,Western Digital Corporation,Technology,20529180672,-1058000000,,San Jose,0.00043330988871791
DRI,"Darden Restaurants, Inc.",Consumer Cyclical,20487346176,1706200064,0.097,Orlando,0.000432426887048435
LUV,Southwest Airlines Company,Industrials,20441743360,2155000064,0.105,Dallas,0.000431464347362029
TDY,Teledyne Technologies Incorpora,Technology,20181399552,1363200000,0.005,Thousand Oaks,0.000425969264617361
COO,"The Cooper Companies, Inc.",Healthcare,20175722496,882899968,0.085,San Ramon,0.000425849438865769
IFF,International Flavors & Fragran,Basic Materials,20106057728,1754000000,-0.05,New York,0.000424379023004954
PPL,PPL Corporation,Utilities,20048050176,3136000000,-0.113,Allentown,0.000423154656270426
CTRA,Coterra Energy Inc.,Energy,19818686464,3795000064,-0.302,Houston,0.000418313471124727
CBOE,"Cboe Global Markets, Inc.",Financial Services,19711102976,1200499968,-0.036,Chicago,0.000416042703968552
HBAN,Huntington Bancshares Incorpora,Financial Services,19653435392,,-0.148,Columbus,0.000414825512946421
AEE,Ameren Corporation,Utilities,19441760256,3140999936,-0.209,Saint Louis,0.00041035768098128
STX,Seagate Technology Holdings PLC,Technology,19419576320,361000000,-0.176,Dublin,0.000409889444133786
CLX,Clorox Company (The),Consumer Defensive,19318339584,1082000000,0.16,Oakland,0.000407752638018082
TSN,"Tyson Foods, Inc.",Consumer Defensive,19317755904,2080000000,0.004,Springdale,0.000407740318270895
JBL,Jabil Inc.,Technology,19290058752,2512999936,-0.13,Saint Petersburg,0.000407155713846457
VRSN,"VeriSign, Inc.",Technology,19273918464,1044700032,0.03,Reston,0.000406815040416334
PFG,Principal Financial Group Inc,Financial Services,18862364672,1040600000,-0.146,Des Moines,0.000398128365060791
HRL,Hormel Foods Corporation,Consumer Defensive,18681638912,1308002944,0.009,Austin,0.000394313782286873
K,Kellanova,Consumer Defensive,18526754816,1820000000,-0.172,Chicago,0.000391044640109491
EXPE,"Expedia Group, Inc.",Consumer Cyclical,18505185280,1632000000,0.103,Seattle,0.000390589371416931
J,Jacobs Solutions Inc.,Industrials,18461900800,1482252032,0.095,Dallas,0.000389675764901811
MKC,"McCormick & Company, Incorporat",Consumer Defensive,18381772800,1215100032,0.034,Hunt Valley,0.000387984501362466
CINF,Cincinnati Financial Corporatio,Financial Services,18375237632,2441999872,0.077,Fairfield,0.000387846563421148
LH,Laboratory Corporation of Ameri,Healthcare,18291750912,1618599936,0.035,Burlington,0.000386084407301496
WBA,"Walgreens Boots Alliance, Inc.",Healthcare,18247876608,4016000000,0.1,Deerfield,0.000385158351357639
OMC,Omnicom Group Inc.,Communication Services,18153977856,2320199936,0.05,New York,0.000383176428239033
RF,Regions Financial Corporation,Financial Services,18098810880,,0.156,Birmingham,0.000382012017607484
HOLX,"Hologic, Inc.",Healthcare,18086100992,1247399936,-0.057,Marlborough,0.000381743749709077
IEX,IDEX Corporation,Industrials,18048069632,905900032,-0.027,Northbrook,0.000380941020918645
CNP,"CenterPoint Energy, Inc (Holdin",Utilities,17893087232,2972000000,-0.195,Houston,0.000377669803836474
EPAM,"EPAM Systems, Inc.",Technology,17891827712,675449024,-0.06,Newtown,0.000377643219118858
VTR,"Ventas, Inc.",Real Estate,17877362688,1772999040,0.135,Chicago,0.000377337905524522
TYL,"Tyler Technologies, Inc.",Technology,17776254976,323408000,0.063,Plano,0.000375203822721354
FDS,FactSet Research Systems Inc.,Financial Services,17752832000,779315008,0.074,Norwalk,0.000374709433428077
CMS,CMS Energy Corporation,Utilities,17743194112,2470000128,-0.144,Jackson,0.000374506006304341
TXT,Textron Inc.,Industrials,17724614656,1670000000,0.07,Providence,0.000374113849299128
ENPH,"Enphase Energy, Inc.",Technology,17686683648,526300992,-0.582,Fremont,0.000373313238640669
LDOS,"Leidos Holdings, Inc.",Technology,17482903552,1632999936,0.077,Reston,0.000369012047466434
ATO,Atmos Energy Corporation,Utilities,17470287872,1777826944,-0.219,Dallas,0.00036874576801845
EXPD,Expeditors International of Was,Industrials,17449193472,1007692992,-0.338,Seattle,0.000368300528032373
AVY,Avery Dennison Corporation,Consumer Cyclical,17368141824,1270899968,0.042,Mentor,0.000366589769033443
FSLR,"First Solar, Inc.",Technology,17240086528,1193966976,0.156,Tempe,0.000363886902954858
SYF,Synchrony Financial,Financial Services,17144406016,,-0.02,Stamford,0.000361867372186943
SWKS,"Skyworks Solutions, Inc.",Technology,17035228160,1422800000,-0.096,Irvine,0.000359562952668713
CE,Celanese Corporation,Basic Materials,16933794816,1831000064,0.094,Irving,0.00035742199674343
BBY,"Best Buy Co., Inc.",Consumer Cyclical,16925817856,2649999872,-0.006,Richfield,0.0003572536268652
MAS,Masco Corporation,Industrials,16895532032,1516999936,-0.021,Livonia,0.000356614383281306
AKAM,"Akamai Technologies, Inc.",Technology,16819829760,1101026048,0.072,Cambridge,0.000355016533684671
NTRS,Northern Trust Corporation,Financial Services,16690794496,,0.013,Chicago,0.000352292983398965
PKG,Packaging Corporation of Americ,Consumer Cyclical,16677252096,1623200000,-0.02,Lake Forest,0.000352007143650622
L,Loews Corporation,Financial Services,16629521408,2801999872,0.123,New York,0.000350999690920961
EQT,EQT Corporation,Energy,16524821504,4268210944,-0.474,Pittsburgh,0.000348789787638611
ESS,"Essex Property Trust, Inc.",Real Estate,16312556544,1084536064,-0.044,San Mateo,0.000344309506244733
TER,"Teradyne, Inc.",Technology,16244955136,627571968,-0.084,North Reading,0.000342882641770906
MAA,Mid-America Apartment Communiti,Real Estate,16170312704,1254759040,0.027,Germantown,0.000341307162241533
EG,"Everest Group, Ltd.",Financial Services,15951415296,,0.139,Hamilton,0.000336686889615139
POOL,Pool Corporation,Industrials,15928425472,786502016,-0.085,Covington,0.00033620164287109
CF,"CF Industries Holdings, Inc.",Basic Materials,15832810496,3132000000,-0.398,Northbrook,0.000334183495373035
CFG,"Citizens Financial Group, Inc.",Financial Services,15744539648,,-0.108,Providence,0.000332320360553627
SNA,Snap-On Incorporated,Industrials,15563132928,1436999936,0.04,Kenosha,0.000328491404741324
TRMB,Trimble Inc.,Technology,15500393472,817299968,0.089,Westminster,0.00032716716160021
DPZ,Domino's Pizza Inc,Consumer Cyclical,15491999744,872108032,0.031,Ann Arbor,0.000326989994990216
NWS,News Corporation,Communication Services,15179606016,1260000000,0.026,New York,0.000320396293386699
NWSA,News Corporation,Communication Services,15168310272,1260000000,0.026,New York,0.000320157873858233
NDSN,Nordson Corporation,Industrials,15142207488,815385024,0.037,Westlake,0.00031960692179585
HST,"Host Hotels & Resorts, Inc.",Real Estate,14900635648,1460999936,0.047,Bethesda,0.000314508059411607
BEN,"Franklin Resources, Inc.",Financial Services,14769951744,1890599936,0.012,San Mateo,0.000311749711243495
LW,"Lamb Weston Holdings, Inc.",Consumer Defensive,14609003520,1380199936,0.357,Eagle,0.000308352573376911
VTRS,Viatris Inc.,Healthcare,14559608832,4856900096,-0.01,Canonsburg,0.00030730999856097
ZBRA,Zebra Technologies Corporation,Technology,14519869440,761000000,-0.329,Lincolnshire,0.000306471218299821
UAL,"United Airlines Holdings, Inc.",Industrials,14203525120,7793999872,0.099,Chicago,0.000299794131460077
DGX,Quest Diagnostics Incorporated,Healthcare,14086358016,1772999936,-0.019,Secaucus,0.000297321082700518
SWK,"Stanley Black & Decker, Inc.",Industrials,14069807104,1197799936,-0.063,New Britain,0.00029697174222018
GEN,Gen Digital Inc.,Technology,14056603648,1858000000,0.016,Tempe,0.000296693056570643
MRO,Marathon Oil Corporation,Energy,13958233088,4312999936,-0.001,Houston,0.000294616746897707
KEY,KeyCorp,Financial Services,13932922880,,-0.121,Cleveland,0.000294082523755189
ALB,Albemarle Corporation,Basic Materials,13904958464,897067008,-0.101,Charlotte,0.000293492278183356
TAP,Molson Coors Beverage Company,Consumer Defensive,13721260032,2281900032,0.061,Golden,0.000289614951153147
LKQ,LKQ Corporation,Consumer Cyclical,13708932096,1744999936,0.167,Chicago,0.000289354745124391
CRL,Charles River Laboratories Inte,Healthcare,13708856320,970294016,-0.079,Wilmington,0.000289353145718616
MGM,MGM Resorts International,Consumer Cyclical,13576725504,2397216000,0.219,Las Vegas,0.000286564257545633
UDR,"UDR, Inc.",Real Estate,13547445248,1004284032,-0.046,Highlands Ranch,0.000285946238508649
AMCR,Amcor plc,Consumer Cyclical,13528382464,1808000000,-0.107,Zurich,0.000285543879888221
RVTY,"Revvity, Inc.",Healthcare,13505534976,813252992,-0.061,Waltham,0.000285061637433398
INCY,Incyte Corporation,Healthcare,13476050944,738524032,0.093,Wilmington,0.000284439317291694
CAG,"ConAgra Brands, Inc.",Consumer Defensive,13446280192,2271699968,-0.032,Chicago,0.000283810945344354
PNR,Pentair plc.,Industrials,13428509696,897000000,-0.018,London,0.000283435863076471
BG,Bunge Limited,Consumer Defensive,13395553280,3720000000,-0.103,Chesterfield,0.000282740251245796
KIM,Kimco Realty Corporation (HC),Real Estate,13114898432,1074628608,0.027,Jericho,0.000276816462912593
FOXA,Fox Corporation,Communication Services,13108904960,2753999872,-0.081,New York,0.000276689958561209
FOX,Fox Corporation,Communication Services,13103938560,2753999872,-0.081,New York,0.000276585132642157
KMX,CarMax Inc,Consumer Cyclical,12913199104,1011806016,-0.043,Richmond,0.000272559190556402
JKHY,"Jack Henry & Associates, Inc.",Technology,12726342656,557190016,0.08,Monett,0.000268615207209831
SJM,The J.M. Smucker Company,Consumer Defensive,12694402048,1799000064,0.006,Orrville,0.000267941036061981
LNT,Alliant Energy Corporation,Utilities,12635973632,1592999936,-0.092,Madison,0.000266707786141323
NRG,"NRG Energy, Inc.",Utilities,12633114624,282000000,-0.133,Houston,0.000266647440993696
AOS,A.O. Smith Corporation,Industrials,12620947456,819200000,0.056,Milwaukee,0.000266390628298814
CPB,Campbell Soup Company,Consumer Defensive,12594851840,1742000000,-0.012,Camden,0.000265839827531572
PODD,Insulet Corporation,Healthcare,12557955072,308600000,0.379,Acton,0.000265061046600585
IP,International Paper Company,Consumer Cyclical,12551869440,2148999936,-0.104,Memphis,0.000264932597025961
IPG,"Interpublic Group of Companies,",Communication Services,12217667584,1743699968,0.011,New York,0.000257878590763052
JNPR,"Juniper Networks, Inc.",Technology,12118388736,762800000,-0.058,Sunnyvale,0.000255783109834405
TECH,Bio-Techne Corp,Healthcare,12117931008,323364992,0.004,Minneapolis,0.000255773448558979
NI,NiSource Inc,Utilities,12087650304,2092499968,-0.166,Merrillville,0.000255134313043043
EVRG,"Evergy, Inc.",Utilities,11844879360,2370099968,-0.072,Kansas City,0.000250010141143087
UHS,"Universal Health Services, Inc.",Healthcare,11807860736,1743421952,0.074,King of Prussia,0.000249228788194706
DVA,DaVita Inc.,Healthcare,11802638336,2346446080,0.078,Denver,0.000249118558877764
WRK,Westrock Company,Consumer Cyclical,11707417600,2710000128,-0.062,Atlanta,0.000247108732612458
HII,"Huntington Ingalls Industries, ",Industrials,11612744704,1119000064,0.13,Newport News,0.000245110469618635
GL,Globe Life Inc.,Financial Services,11584158720,1318482048,0.06,McKinney,0.000244507104596727
AES,The AES Corporation,Utilities,11542163456,3364999936,-0.03,Arlington,0.000243620709593377
REG,Regency Centers Corporation,Real Estate,11488392192,839577024,0.182,Jacksonville,0.000242485758287121
ALLE,Allegion plc,Industrials,11456493568,834600000,0.042,Dublin,0.000241812473296524
FFIV,"F5, Inc.",Technology,11345479680,725488000,-0.011,Seattle,0.000239469300608633
WYNN,"Wynn Resorts, Limited",Consumer Cyclical,11255993344,1732264960,0.831,Las Vegas,0.000237580510456047
RL,Ralph Lauren Corporation,Consumer Cyclical,11252823040,974200000,0.056,New York,0.000237513594776586
QRVO,"Qorvo, Inc.",Technology,11206383616,499004992,0.445,Greensboro,0.000236533396785879
CPT,Camden Property Trust,Real Estate,10822053888,899507968,0.032,Houston,0.000228421340375473
TPR,"Tapestry, Inc.",Consumer Cyclical,10798552064,1428000000,0.029,New York,0.000227925286835646
TFX,Teleflex Incorporated,Healthcare,10559478784,743744000,0.021,Wayne,0.000222879161614802
EMN,Eastman Chemical Company,Basic Materials,10539838464,1544000000,-0.07,Kingsport,0.000222464612928737
DAY,"Dayforce, Inc.",Technology,10479671296,210500000,0.189,Minneapolis,0.000221194663129614
PAYC,"Paycom Software, Inc.",Technology,10249187328,503369984,0.173,Oklahoma City,0.000216329832714752
CTLT,"Catalent, Inc.",Healthcare,10213504000,326000000,-0.109,Somerset,0.000215576663889761
MOS,Mosaic Company (The),Basic Materials,10162155520,2337799936,-0.297,Tampa,0.000214492850341129
BBWI,"Bath & Body Works, Inc.",Consumer Cyclical,10113118208,1554000000,0.008,Columbus,0.000213457818668641
BXP,"Boston Properties, Inc.",Real Estate,10039283712,1845555968,0.348,Boston,0.000211899392263006
BIO,"Bio-Rad Laboratories, Inc.",Healthcare,9744599040,511596000,-0.067,Hercules,0.000205679476111878
AAL,"American Airlines Group, Inc.",Industrials,9611833344,6298999808,-0.01,Fort Worth,0.00020287718751213
HSIC,"Henry Schein, Inc.",Healthcare,9607108608,943000000,-0.105,Melville,0.000202777462400685
APA,APA Corporation,Energy,9290847232,5103000064,-0.154,Houston,0.000196102126261857
AIZ,"Assurant, Inc.",Financial Services,9278521344,1145400064,0.125,Atlanta,0.000195841963460284
CZR,"Caesars Entertainment, Inc.",Consumer Cyclical,9112719360,3815000064,0.001,Reno,0.00019234237716972
MTCH,"Match Group, Inc.",Communication Services,9085606912,1026433984,0.102,Dallas,0.000191770114106061
ETSY,"Etsy, Inc.",Consumer Cyclical,8568156160,432732000,0.043,Brooklyn,0.000180848269179638
RHI,Robert Half Inc.,Industrials,8557699584,518836992,-0.147,Menlo Park,0.000180627561989452
FRT,Federal Realty Investment Trust,Real Estate,8543996416,709790016,0.042,North Bethesda,0.000180338328907235
NCLH,Norwegian Cruise Line Holdings ,Consumer Cyclical,8508882944,1813768960,0.308,Miami,0.000179597188045945
CHRW,"C.H. Robinson Worldwide, Inc.",Industrials,8468752384,592265024,-0.167,Eden Prairie,0.000178750151392821
MKTX,"MarketAxess Holdings, Inc.",Financial Services,8146099200,385576000,0.109,New York,0.000171939903215493
PNW,Pinnacle West Capital Corporati,Utilities,8132715520,1719424000,-0.018,Phoenix,0.000171657413573841
FMC,FMC Corporation,Basic Materials,7821266944,863500032,-0.293,Philadelphia,0.000165083661315332
MHK,"Mohawk Industries, Inc.",Consumer Cyclical,7749304320,1444173056,-0.014,Calhoun,0.000163564744555063
PARA,Paramount Global,Communication Services,7526868480,2190000128,-0.061,New York,0.000158869786163044
BWA,BorgWarner Inc.,Consumer Cyclical,7362151424,1830000000,0.062,Auburn Hills,0.000155393099472735
HAS,"Hasbro, Inc.",Consumer Cyclical,7182434816,574499968,-0.232,Pawtucket,0.000151599816893296
IVZ,Invesco Ltd,Financial Services,7133359616,1018499968,-0.021,Atlanta,0.000150563985517921
GNRC,Generac Holdlings Inc.,Industrials,7057534976,553260992,0.014,Waukesha,0.000148963553097094
XRAY,DENTSPLY SIRONA Inc.,Healthcare,6998501376,632000000,0.03,Charlotte,0.000147717529543826
CMA,Comerica Incorporated,Financial Services,6980897792,,-0.22,Dallas,0.000147345970291367
VFC,V.F. Corporation,Consumer Cyclical,6259937792,1068372992,-0.162,Denver,0.000132128650985675
ZION,Zions Bancorporation N.A.,Financial Services,6258067968,,-0.119,Salt Lake City,0.000132089184567492
WHR,Whirlpool Corporation,Consumer Cyclical,5954341376,1476999936,0.034,Benton Harbor,0.000125678420402915
DOC,"Healthpeak Properties, Inc.",Real Estate,4410607104,1151196032,0.056,Denver,9.30947856101883E-05
